id,set,name,process,audio
M001,main,넥미법,가공정,audio/items/M001.wav
M002,main,풍푸법,가공정,audio/items/M002.wav
M003,main,몰푸법,나공정,audio/items/M003.wav
M004,main,탬베법,다공정,audio/items/M004.wav
M005,main,봉즈법,가공정,audio/items/M005.wav
M006,main,늠비법,라공정,audio/items/M006.wav
M007,main,금캐법,라공정,audio/items/M007.wav
M008,main,늑모법,다공정,audio/items/M008.wav
M009,main,킬티법,다공정,audio/items/M009.wav
M010,main,적레법,다공정,audio/items/M010.wav
M011,main,탤시법,라공정,audio/items/M011.wav
M012,main,홀재법,다공정,audio/items/M012.wav
M013,main,센래법,나공정,audio/items/M013.wav
M014,main,롤매법,가공정,audio/items/M014.wav
M015,main,덜세법,다공정,audio/items/M015.wav
M016,main,헥세법,다공정,audio/items/M016.wav
M017,main,쟁체법,라공정,audio/items/M017.wav
M018,main,틴데법,라공정,audio/items/M018.wav
M019,main,등토법,라공정,audio/items/M019.wav
M020,main,팰코법,나공정,audio/items/M020.wav
M021,main,맹티법,나공정,audio/items/M021.wav
M022,main,램조법,가공정,audio/items/M022.wav
M023,main,딜로법,다공정,audio/items/M023.wav
M024,main,툼미법,다공정,audio/items/M024.wav
M025,main,릭태법,나공정,audio/items/M025.wav
M026,main,톤초법,라공정,audio/items/M026.wav
M027,main,닉제법,가공정,audio/items/M027.wav
M028,main,놈도법,가공정,audio/items/M028.wav
M029,main,튼즈법,다공정,audio/items/M029.wav
M030,main,불즈법,가공정,audio/items/M030.wav
M031,main,쿡대법,다공정,audio/items/M031.wav
M032,main,랜세법,나공정,audio/items/M032.wav
M033,main,눔보법,나공정,audio/items/M033.wav
M034,main,퐁리법,나공정,audio/items/M034.wav
M035,main,쿵모법,나공정,audio/items/M035.wav
M036,main,냄브법,가공정,audio/items/M036.wav
M037,main,핀쿠법,가공정,audio/items/M037.wav
M038,main,던코법,라공정,audio/items/M038.wav
M039,main,벙투법,가공정,audio/items/M039.wav
M040,main,샐지법,다공정,audio/items/M040.wav
M041,main,털크법,다공정,audio/items/M041.wav
M042,main,촉초법,다공정,audio/items/M042.wav
M043,main,킴레법,가공정,audio/items/M043.wav
M044,main,햄무법,다공정,audio/items/M044.wav
M045,main,솔체법,나공정,audio/items/M045.wav
M046,main,책재법,가공정,audio/items/M046.wav
M047,main,펙쿠법,라공정,audio/items/M047.wav
M048,main,닐지법,다공정,audio/items/M048.wav
M049,main,핌미법,라공정,audio/items/M049.wav
M050,main,럭도법,라공정,audio/items/M050.wav
M051,main,넴세법,라공정,audio/items/M051.wav
M052,main,곤새법,나공정,audio/items/M052.wav
M053,main,툰푸법,라공정,audio/items/M053.wav
M054,main,헉피법,나공정,audio/items/M054.wav
M055,main,잼트법,다공정,audio/items/M055.wav
M056,main,젱수법,나공정,audio/items/M056.wav
M057,main,둘트법,라공정,audio/items/M057.wav
M058,main,덴두법,가공정,audio/items/M058.wav
M059,main,둠패법,가공정,audio/items/M059.wav
M060,main,젤세법,가공정,audio/items/M060.wav
M061,main,핸캐법,가공정,audio/items/M061.wav
M062,main,렁새법,가공정,audio/items/M062.wav
M063,main,흠지법,나공정,audio/items/M063.wav
M064,main,측미법,나공정,audio/items/M064.wav
M065,main,님조법,라공정,audio/items/M065.wav
M066,main,헝지법,라공정,audio/items/M066.wav
M067,main,큰보법,가공정,audio/items/M067.wav
M068,main,혼키법,다공정,audio/items/M068.wav
M069,main,눌트법,라공정,audio/items/M069.wav
M070,main,몬토법,나공정,audio/items/M070.wav
M071,main,촌메법,나공정,audio/items/M071.wav
M072,main,럼디법,라공정,audio/items/M072.wav
M073,main,농재법,나공정,audio/items/M073.wav
M074,main,긍새법,다공정,audio/items/M074.wav
M075,main,밴메법,라공정,audio/items/M075.wav
M076,main,섬피법,나공정,audio/items/M076.wav
M077,main,범초법,라공정,audio/items/M077.wav
M078,main,돌테법,나공정,audio/items/M078.wav
M079,main,랙푸법,나공정,audio/items/M079.wav
M080,main,첼부법,다공정,audio/items/M080.wav
M081,main,밍새법,나공정,audio/items/M081.wav
M082,main,깅부법,가공정,audio/items/M082.wav
M083,main,갱체법,가공정,audio/items/M083.wav
M084,main,돔리법,라공정,audio/items/M084.wav
M085,main,겡비법,가공정,audio/items/M085.wav
M086,main,굴조법,나공정,audio/items/M086.wav
M087,main,셍보법,다공정,audio/items/M087.wav
M088,main,멜모법,다공정,audio/items/M088.wav
M089,main,쳉래법,나공정,audio/items/M089.wav
M090,main,손쿠법,다공정,audio/items/M090.wav
M091,main,딤미법,가공정,audio/items/M091.wav
M092,main,널부법,나공정,audio/items/M092.wav
M093,main,맴주법,라공정,audio/items/M093.wav
M094,main,캔새법,라공정,audio/items/M094.wav
M095,main,쿨조법,가공정,audio/items/M095.wav
M096,main,펀래법,라공정,audio/items/M096.wav
M097,main,촘수법,가공정,audio/items/M097.wav
M098,main,펨쿠법,라공정,audio/items/M098.wav
M099,main,컹패법,다공정,audio/items/M099.wav
M100,main,놀티법,다공정,audio/items/M100.wav
M101,main,릴캐법,가공정,audio/items/M101.wav
M102,main,툭케법,가공정,audio/items/M102.wav
M103,main,롬토법,나공정,audio/items/M103.wav
M104,main,클태법,다공정,audio/items/M104.wav
M105,main,텅부법,라공정,audio/items/M105.wav
M106,main,틱즈법,다공정,audio/items/M106.wav
M107,main,먼투법,라공정,audio/items/M107.wav
M108,main,켄츠법,나공정,audio/items/M108.wav
P01,practice,펄디법,가공정,audio/items/P01.wav
P02,practice,홈토법,나공정,audio/items/P02.wav
P03,practice,맬페법,다공정,audio/items/P03.wav
P04,practice,룽무법,라공정,audio/items/P04.wav
P05,practice,첨츠법,가공정,audio/items/P05.wav
P06,practice,챈푸법,다공정,audio/items/P06.wav
